{"stats_o/mean": [67.0919418334961], "test/success_rate": [0.0], "train/episode": [50.0], "train/success_rate": [0.0], "test/episode": [10.0], "stats_o/std": [1.1396082639694214], "stats_g/std": [1.4684598445892334], "epoch": 0, "stats_g/mean": [67.464599609375], "test/mean_Q": [-0.02064356580376625]}
{"stats_o/mean": [67.10153198242188], "test/success_rate": [0.0], "train/episode": [100.0], "train/success_rate": [0.0], "test/episode": [20.0], "stats_o/std": [0.8074524402618408], "stats_g/std": [1.1409084796905518], "epoch": 1, "stats_g/mean": [67.48634338378906], "test/mean_Q": [-0.017770886421203613]}
{"stats_o/mean": [67.10472106933594], "test/success_rate": [0.0], "train/episode": [150.0], "train/success_rate": [0.0], "test/episode": [30.0], "stats_o/std": [0.6604138016700745], "stats_g/std": [0.9922813773155212], "epoch": 2, "stats_g/mean": [67.48489379882812], "test/mean_Q": [-0.006285169627517462]}
{"stats_o/mean": [67.10631561279297], "test/success_rate": [0.0], "train/episode": [200.0], "train/success_rate": [0.0], "test/episode": [40.0], "stats_o/std": [0.5725823640823364], "stats_g/std": [0.9064877033233643], "epoch": 3, "stats_g/mean": [67.48772430419922], "test/mean_Q": [-0.00796856451779604]}
{"stats_o/mean": [67.10726928710938], "test/success_rate": [0.0], "train/episode": [250.0], "train/success_rate": [0.0], "test/episode": [50.0], "stats_o/std": [0.5128068923950195], "stats_g/std": [0.8471447229385376], "epoch": 4, "stats_g/mean": [67.49620056152344], "test/mean_Q": [-0.019748160615563393]}
{"stats_o/mean": [67.10791778564453], "test/success_rate": [0.0], "train/episode": [300.0], "train/success_rate": [0.0], "test/episode": [60.0], "stats_o/std": [0.46837425231933594], "stats_g/std": [0.8033568859100342], "epoch": 5, "stats_g/mean": [67.4931640625], "test/mean_Q": [-0.016632523387670517]}
{"stats_o/mean": [67.10836791992188], "test/success_rate": [0.0], "train/episode": [350.0], "train/success_rate": [0.0], "test/episode": [70.0], "stats_o/std": [0.4343338906764984], "stats_g/std": [0.7685152292251587], "epoch": 6, "stats_g/mean": [67.49575805664062], "test/mean_Q": [-0.018394075334072113]}
{"stats_o/mean": [67.10871887207031], "test/success_rate": [0.0], "train/episode": [400.0], "train/success_rate": [0.0], "test/episode": [80.0], "stats_o/std": [0.40623149275779724], "stats_g/std": [0.740185022354126], "epoch": 7, "stats_g/mean": [67.49398803710938], "test/mean_Q": [-0.009939293377101421]}
{"stats_o/mean": [67.10897827148438], "test/success_rate": [0.0], "train/episode": [450.0], "train/success_rate": [0.0], "test/episode": [90.0], "stats_o/std": [0.3836388885974884], "stats_g/std": [0.7176016569137573], "epoch": 8, "stats_g/mean": [67.49693298339844], "test/mean_Q": [-0.019375454634428024]}
{"stats_o/mean": [67.10919952392578], "test/success_rate": [0.0], "train/episode": [500.0], "train/success_rate": [0.0], "test/episode": [100.0], "stats_o/std": [0.36332038044929504], "stats_g/std": [0.697218120098114], "epoch": 9, "stats_g/mean": [67.4963607788086], "test/mean_Q": [-0.01860555075109005]}
{"stats_o/mean": [67.10936737060547], "test/success_rate": [0.0], "train/episode": [550.0], "train/success_rate": [0.0], "test/episode": [110.0], "stats_o/std": [0.3469633162021637], "stats_g/std": [0.6807860136032104], "epoch": 10, "stats_g/mean": [67.4934310913086], "test/mean_Q": [-0.01563614420592785]}
{"stats_o/mean": [67.10951232910156], "test/success_rate": [0.0], "train/episode": [600.0], "train/success_rate": [0.0], "test/episode": [120.0], "stats_o/std": [0.3324824869632721], "stats_g/std": [0.6667181849479675], "epoch": 11, "stats_g/mean": [67.49417114257812], "test/mean_Q": [-0.015159539878368378]}
{"stats_o/mean": [67.10963439941406], "test/success_rate": [0.0], "train/episode": [650.0], "train/success_rate": [0.0], "test/episode": [130.0], "stats_o/std": [0.32013988494873047], "stats_g/std": [0.6545533537864685], "epoch": 12, "stats_g/mean": [67.49490356445312], "test/mean_Q": [-0.013877399265766144]}
{"stats_o/mean": [67.1097412109375], "test/success_rate": [0.0], "train/episode": [700.0], "train/success_rate": [0.0], "test/episode": [140.0], "stats_o/std": [0.3080247640609741], "stats_g/std": [0.6423152089118958], "epoch": 13, "stats_g/mean": [67.49651336669922], "test/mean_Q": [-0.009969343431293964]}
{"stats_o/mean": [67.10983276367188], "test/success_rate": [0.0], "train/episode": [750.0], "train/success_rate": [0.0], "test/episode": [150.0], "stats_o/std": [0.29916322231292725], "stats_g/std": [0.6335889101028442], "epoch": 14, "stats_g/mean": [67.49699401855469], "test/mean_Q": [-0.006980671547353268]}
{"stats_o/mean": [67.10990905761719], "test/success_rate": [0.0], "train/episode": [800.0], "train/success_rate": [0.0], "test/episode": [160.0], "stats_o/std": [0.303532212972641], "stats_g/std": [0.6381508111953735], "epoch": 15, "stats_g/mean": [67.49835968017578], "test/mean_Q": [-0.007774719502776861]}
{"stats_o/mean": [67.1099853515625], "test/success_rate": [0.0], "train/episode": [850.0], "train/success_rate": [0.0], "test/episode": [170.0], "stats_o/std": [0.31427183747291565], "stats_g/std": [0.6488807797431946], "epoch": 16, "stats_g/mean": [67.49943542480469], "test/mean_Q": [-0.00992745440453291]}
{"stats_o/mean": [67.11004638671875], "test/success_rate": [0.0], "train/episode": [900.0], "train/success_rate": [0.0], "test/episode": [180.0], "stats_o/std": [0.3239644765853882], "stats_g/std": [0.6590191125869751], "epoch": 17, "stats_g/mean": [67.49961853027344], "test/mean_Q": [-0.007170768920332193]}
{"stats_o/mean": [67.11009979248047], "test/success_rate": [0.0], "train/episode": [950.0], "train/success_rate": [0.0], "test/episode": [190.0], "stats_o/std": [0.33270514011383057], "stats_g/std": [0.6675904989242554], "epoch": 18, "stats_g/mean": [67.49884796142578], "test/mean_Q": [-0.008033978752791882]}
{"stats_o/mean": [67.11015319824219], "test/success_rate": [0.0], "train/episode": [1000.0], "train/success_rate": [0.0], "test/episode": [200.0], "stats_o/std": [0.33926522731781006], "stats_g/std": [0.6742473840713501], "epoch": 19, "stats_g/mean": [67.5006332397461], "test/mean_Q": [-0.00968277920037508]}
