{"test/episode": [20.0], "test/mean_Q": [-3.140944004058838], "epoch": 0, "stats_o/mean": [0.17837797105312347], "stats_g/std": [0.12673932313919067], "train/success_rate": [0.0], "train/episode": [100.0], "stats_g/mean": [0.7464949488639832], "stats_o/std": [0.055254191160202026], "test/success_rate": [0.0]}
{"test/episode": [40.0], "test/mean_Q": [-4.99558687210083], "epoch": 1, "stats_o/mean": [0.17827831208705902], "stats_g/std": [0.12467259168624878], "train/success_rate": [0.0], "train/episode": [200.0], "stats_g/mean": [0.7447903156280518], "stats_o/std": [0.055370427668094635], "test/success_rate": [0.0]}
